<?xml version="1.0" encoding="UTF-8" standalone="no"?><TaskList Version="2.0"><TaskCategory Handle="handle-14" Name="A: Experi-LM"><TaskReference Handle="local-76"/><TaskReference Handle="local-77"/><TaskReference Handle="local-78"/><TaskReference Handle="local-79"/><TaskReference Handle="local-80"/><TaskReference Handle="local-81"/><TaskReference Handle="local-82"/><TaskReference Handle="local-83"/><TaskReference Handle="local-84"/><TaskReference Handle="local-86"/><TaskReference Handle="local-87"/><TaskReference Handle="local-88"/><TaskReference Handle="local-89"/><TaskReference Handle="local-90"/><TaskReference Handle="local-92"/><TaskReference Handle="local-93"/></TaskCategory></TaskList>